No,Question,Link
1,"Complement of Base 10 Integer",https://leetcode.com/problems/complement-of-base-10-integer/
2,"Fibonacci Number",https://leetcode.com/problems/fibonacci-number/
3,"Missing Number",https://leetcode.com/problems/missing-number/
4,"Path Sum",https://leetcode.com/problems/path-sum/
5,"Search Insert Position",https://leetcode.com/problems/search-insert-position/
6,"Rotate List",https://leetcode.com/problems/rotate-list/
7,"Maximum Sum of Distinct Subarrays With Length K",https://leetcode.com/problems/maximum-sum-of-distinct-subarrays-with-length-k/
8,"Kth Largest Element in an Array",https://leetcode.com/problems/kth-largest-element-in-an-array/
9,"Binary Tree Zigzag Level Order Traversal",https://leetcode.com/problems/binary-tree-zigzag-level-order-traversal/
10,"Maximum Width of Binary Tree",https://leetcode.com/problems/maximum-width-of-binary-tree/
11,"Lowest Common Ancestor of a Binary Tree",https://leetcode.com/problems/lowest-common-ancestor-of-a-binary-tree/
12,"Path Sum III",https://leetcode.com/problems/path-sum-iii/
13,"Path Sum II",https://leetcode.com/problems/path-sum-ii/
14,"Binary Tree Inorder Traversal",https://leetcode.com/problems/binary-tree-inorder-traversal/
15,"Binary Tree Paths",https://leetcode.com/problems/binary-tree-paths/